cat.0.jpg,"[0]"
cat.1.jpg,"[1]"
cat.10.jpg,"[0]"
cat.100.jpg,"[0]"
cat.101.jpg,"[0]"
cat.102.jpg,"[0]"
cat.103.jpg,"[0]"
cat.104.jpg,"[0]"
cat.105.jpg,"[0]"
cat.106.jpg,"[0]"
cat.107.jpg,"[0]"
cat.108.jpg,"[0]"
cat.109.jpg,"[0]"
cat.11.jpg,"[0]"
cat.110.jpg,"[0]"
cat.111.jpg,"[0]"
cat.112.jpg,"[0]"
cat.113.jpg,"[0]"
cat.114.jpg,"[0]"
cat.115.jpg,"[0]"
cat.116.jpg,"[0]"
cat.117.jpg,"[0]"
cat.118.jpg,"[0]"
cat.119.jpg,"[0]"
cat.12.jpg,"[0]"
cat.120.jpg,"[0]"
cat.121.jpg,"[0]"
cat.122.jpg,"[0]"
cat.123.jpg,"[0]"
cat.124.jpg,"[0]"
cat.125.jpg,"[0]"
cat.126.jpg,"[0]"
cat.127.jpg,"[0]"
cat.128.jpg,"[0]"
cat.129.jpg,"[0]"
cat.13.jpg,"[0]"
cat.130.jpg,"[0]"
cat.131.jpg,"[0]"
cat.132.jpg,"[0]"
cat.133.jpg,"[0]"
cat.134.jpg,"[0]"
cat.135.jpg,"[0]"
cat.136.jpg,"[0]"
cat.137.jpg,"[0]"
cat.138.jpg,"[0]"
cat.139.jpg,"[0]"
cat.14.jpg,"[0]"
cat.140.jpg,"[0]"
cat.141.jpg,"[0]"
cat.142.jpg,"[0]"
cat.143.jpg,"[0]"
cat.144.jpg,"[0]"
cat.145.jpg,"[0]"
cat.146.jpg,"[0]"
cat.147.jpg,"[0]"
cat.148.jpg,"[0]"
cat.149.jpg,"[0]"
cat.15.jpg,"[0]"
cat.150.jpg,"[0]"
cat.151.jpg,"[0]"
cat.152.jpg,"[0]"
cat.153.jpg,"[0]"
cat.154.jpg,"[0]"
cat.155.jpg,"[0]"
cat.156.jpg,"[0]"
cat.157.jpg,"[0]"
cat.158.jpg,"[0]"
cat.159.jpg,"[0]"
cat.16.jpg,"[0]"
cat.160.jpg,"[0]"
cat.161.jpg,"[0]"
cat.162.jpg,"[0]"
cat.163.jpg,"[0]"
cat.164.jpg,"[0]"
cat.165.jpg,"[0]"
cat.166.jpg,"[0]"
cat.167.jpg,"[0]"
cat.168.jpg,"[0]"
cat.169.jpg,"[0]"
cat.17.jpg,"[0]"
cat.170.jpg,"[0]"
cat.171.jpg,"[0]"
cat.172.jpg,"[0]"
cat.173.jpg,"[0]"
cat.174.jpg,"[0]"
cat.175.jpg,"[0]"
cat.176.jpg,"[0]"
cat.177.jpg,"[0]"
cat.178.jpg,"[0]"
cat.179.jpg,"[0]"
cat.18.jpg,"[0]"
cat.180.jpg,"[0]"
cat.181.jpg,"[0]"
cat.182.jpg,"[0]"
cat.183.jpg,"[0]"
cat.184.jpg,"[0]"
cat.185.jpg,"[0]"
cat.186.jpg,"[0]"
cat.187.jpg,"[0]"
cat.188.jpg,"[0]"
cat.189.jpg,"[0]"
cat.19.jpg,"[0]"
cat.190.jpg,"[0]"
cat.191.jpg,"[0]"
cat.192.jpg,"[0]"
cat.193.jpg,"[0]"
cat.194.jpg,"[0]"
cat.195.jpg,"[0]"
cat.196.jpg,"[0]"
cat.197.jpg,"[0]"
cat.198.jpg,"[0]"
cat.199.jpg,"[0]"
cat.2.jpg,"[0]"
cat.20.jpg,"[0]"
cat.200.jpg,"[0]"
cat.201.jpg,"[0]"
cat.202.jpg,"[0]"
cat.203.jpg,"[0]"
cat.204.jpg,"[0]"
cat.205.jpg,"[0]"
cat.206.jpg,"[0]"
cat.207.jpg,"[0]"
cat.208.jpg,"[0]"
cat.209.jpg,"[0]"
cat.21.jpg,"[0]"
cat.210.jpg,"[0]"
cat.211.jpg,"[0]"
cat.212.jpg,"[0]"
cat.213.jpg,"[0]"
cat.214.jpg,"[0]"
cat.215.jpg,"[0]"
cat.216.jpg,"[0]"
cat.217.jpg,"[0]"
cat.218.jpg,"[0]"
cat.219.jpg,"[0]"
cat.22.jpg,"[0]"
cat.220.jpg,"[0]"
cat.221.jpg,"[0]"
cat.222.jpg,"[0]"
cat.223.jpg,"[0]"
cat.224.jpg,"[0]"
cat.225.jpg,"[0]"
cat.226.jpg,"[0]"
cat.227.jpg,"[0]"
cat.228.jpg,"[0]"
cat.229.jpg,"[0]"
cat.23.jpg,"[0]"
cat.230.jpg,"[0]"
cat.231.jpg,"[0]"
cat.232.jpg,"[0]"
cat.233.jpg,"[0]"
cat.234.jpg,"[0]"
cat.235.jpg,"[0]"
cat.236.jpg,"[0]"
cat.237.jpg,"[0]"
cat.238.jpg,"[0]"
cat.239.jpg,"[0]"
cat.24.jpg,"[0]"
cat.240.jpg,"[0]"
cat.241.jpg,"[0]"
cat.242.jpg,"[0]"
cat.243.jpg,"[0]"
cat.244.jpg,"[0]"
cat.245.jpg,"[0]"
cat.246.jpg,"[0]"
cat.247.jpg,"[0]"
cat.248.jpg,"[0]"
cat.249.jpg,"[0]"
cat.25.jpg,"[0]"
cat.250.jpg,"[0]"
cat.251.jpg,"[0]"
cat.252.jpg,"[0]"
cat.253.jpg,"[0]"
cat.254.jpg,"[0]"
cat.255.jpg,"[0]"
cat.256.jpg,"[0]"
cat.257.jpg,"[0]"
cat.258.jpg,"[0]"
cat.259.jpg,"[0]"
cat.26.jpg,"[0]"
cat.260.jpg,"[0]"
cat.261.jpg,"[0]"
cat.262.jpg,"[0]"
cat.263.jpg,"[0]"
cat.264.jpg,"[0]"
cat.265.jpg,"[0]"
cat.266.jpg,"[0]"
cat.267.jpg,"[0]"
cat.268.jpg,"[0]"
cat.269.jpg,"[0]"
cat.27.jpg,"[0]"
cat.270.jpg,"[0]"
cat.271.jpg,"[0]"
cat.272.jpg,"[0]"
cat.273.jpg,"[0]"
cat.274.jpg,"[0]"
cat.275.jpg,"[0]"
cat.276.jpg,"[0]"
cat.277.jpg,"[0]"
cat.278.jpg,"[0]"
cat.279.jpg,"[0]"
cat.28.jpg,"[0]"
cat.280.jpg,"[0]"
cat.281.jpg,"[0]"
cat.282.jpg,"[0]"
cat.283.jpg,"[0]"
cat.284.jpg,"[0]"
cat.285.jpg,"[0]"
cat.286.jpg,"[0]"
cat.287.jpg,"[0]"
cat.288.jpg,"[0]"
cat.289.jpg,"[0]"
cat.29.jpg,"[0]"
cat.290.jpg,"[0]"
cat.291.jpg,"[0]"
cat.292.jpg,"[0]"
cat.293.jpg,"[0]"
cat.294.jpg,"[0]"
cat.295.jpg,"[0]"
cat.296.jpg,"[0]"
cat.297.jpg,"[0]"
cat.298.jpg,"[0]"
cat.299.jpg,"[0]"
cat.3.jpg,"[0]"
cat.30.jpg,"[0]"
cat.300.jpg,"[0]"
cat.301.jpg,"[0]"
cat.302.jpg,"[0]"
cat.303.jpg,"[0]"
cat.304.jpg,"[0]"
cat.305.jpg,"[0]"
cat.306.jpg,"[0]"
cat.307.jpg,"[0]"
cat.308.jpg,"[0]"
cat.309.jpg,"[0]"
cat.31.jpg,"[0]"
cat.310.jpg,"[0]"
cat.311.jpg,"[0]"
cat.312.jpg,"[0]"
cat.313.jpg,"[0]"
cat.314.jpg,"[0]"
cat.315.jpg,"[0]"
cat.316.jpg,"[0]"
cat.317.jpg,"[0]"
cat.318.jpg,"[0]"
cat.319.jpg,"[0]"
cat.32.jpg,"[0]"
cat.320.jpg,"[0]"
cat.321.jpg,"[0]"
cat.322.jpg,"[0]"
cat.323.jpg,"[0]"
cat.324.jpg,"[0]"
cat.325.jpg,"[0]"
cat.326.jpg,"[0]"
cat.327.jpg,"[0]"
cat.328.jpg,"[0]"
cat.329.jpg,"[0]"
cat.33.jpg,"[0]"
cat.330.jpg,"[0]"
cat.331.jpg,"[0]"
cat.332.jpg,"[0]"
cat.333.jpg,"[0]"
cat.334.jpg,"[0]"
cat.335.jpg,"[0]"
cat.336.jpg,"[0]"
cat.337.jpg,"[0]"
cat.338.jpg,"[0]"
cat.339.jpg,"[0]"
cat.34.jpg,"[0]"
cat.340.jpg,"[0]"
cat.341.jpg,"[0]"
cat.342.jpg,"[0]"
cat.343.jpg,"[0]"
cat.344.jpg,"[0]"
cat.345.jpg,"[0]"
cat.346.jpg,"[0]"
cat.347.jpg,"[0]"
cat.348.jpg,"[0]"
cat.349.jpg,"[0]"
cat.35.jpg,"[0]"
cat.350.jpg,"[0]"
cat.351.jpg,"[0]"
cat.352.jpg,"[0]"
cat.353.jpg,"[0]"
cat.354.jpg,"[0]"
cat.355.jpg,"[0]"
cat.356.jpg,"[0]"
cat.357.jpg,"[0]"
cat.358.jpg,"[0]"
cat.359.jpg,"[0]"
cat.36.jpg,"[0]"
cat.360.jpg,"[0]"
cat.361.jpg,"[0]"
cat.362.jpg,"[0]"
cat.363.jpg,"[0]"
cat.364.jpg,"[0]"
cat.365.jpg,"[0]"
cat.366.jpg,"[0]"
cat.367.jpg,"[0]"
cat.368.jpg,"[0]"
cat.369.jpg,"[0]"
cat.37.jpg,"[0]"
cat.370.jpg,"[0]"
cat.371.jpg,"[0]"
cat.372.jpg,"[0]"
cat.373.jpg,"[0]"
cat.374.jpg,"[0]"
cat.375.jpg,"[0]"
cat.376.jpg,"[0]"
cat.377.jpg,"[0]"
cat.378.jpg,"[0]"
cat.379.jpg,"[0]"
cat.38.jpg,"[0]"
cat.380.jpg,"[0]"
cat.381.jpg,"[0]"
cat.382.jpg,"[0]"
cat.383.jpg,"[0]"
cat.384.jpg,"[0]"
cat.385.jpg,"[0]"
cat.386.jpg,"[0]"
cat.387.jpg,"[0]"
cat.388.jpg,"[0]"
cat.389.jpg,"[0]"
cat.39.jpg,"[0]"
cat.390.jpg,"[0]"
cat.391.jpg,"[0]"
cat.392.jpg,"[0]"
cat.393.jpg,"[0]"
cat.394.jpg,"[0]"
cat.395.jpg,"[0]"
cat.396.jpg,"[0]"
cat.397.jpg,"[0]"
cat.398.jpg,"[0]"
cat.399.jpg,"[0]"
cat.4.jpg,"[0]"
cat.40.jpg,"[0]"
cat.400.jpg,"[0]"
cat.401.jpg,"[0]"
cat.402.jpg,"[0]"
cat.403.jpg,"[0]"
cat.404.jpg,"[0]"
cat.405.jpg,"[0]"
cat.406.jpg,"[0]"
cat.407.jpg,"[0]"
cat.408.jpg,"[0]"
cat.409.jpg,"[0]"
cat.41.jpg,"[0]"
cat.410.jpg,"[0]"
cat.411.jpg,"[0]"
cat.412.jpg,"[0]"
cat.413.jpg,"[0]"
cat.414.jpg,"[0]"
cat.415.jpg,"[0]"
cat.416.jpg,"[0]"
cat.417.jpg,"[0]"
cat.418.jpg,"[0]"
cat.419.jpg,"[0]"
cat.42.jpg,"[0]"
cat.420.jpg,"[0]"
cat.421.jpg,"[0]"
cat.422.jpg,"[0]"
cat.423.jpg,"[0]"
cat.424.jpg,"[0]"
cat.425.jpg,"[0]"
cat.426.jpg,"[0]"
cat.427.jpg,"[0]"
cat.428.jpg,"[0]"
cat.429.jpg,"[0]"
cat.43.jpg,"[0]"
cat.430.jpg,"[0]"
cat.431.jpg,"[0]"
cat.432.jpg,"[0]"
cat.433.jpg,"[0]"
cat.434.jpg,"[0]"
cat.435.jpg,"[0]"
cat.436.jpg,"[0]"
cat.437.jpg,"[0]"
cat.438.jpg,"[0]"
cat.439.jpg,"[0]"
cat.44.jpg,"[0]"
cat.440.jpg,"[0]"
cat.441.jpg,"[0]"
cat.442.jpg,"[0]"
cat.443.jpg,"[0]"
cat.444.jpg,"[0]"
cat.445.jpg,"[0]"
cat.446.jpg,"[0]"
cat.447.jpg,"[0]"
cat.448.jpg,"[0]"
cat.449.jpg,"[0]"
cat.45.jpg,"[0]"
cat.450.jpg,"[0]"
cat.451.jpg,"[0]"
cat.452.jpg,"[0]"
cat.453.jpg,"[0]"
cat.454.jpg,"[0]"
cat.455.jpg,"[0]"
cat.456.jpg,"[0]"
cat.457.jpg,"[0]"
cat.458.jpg,"[0]"
cat.459.jpg,"[0]"
cat.46.jpg,"[0]"
cat.460.jpg,"[0]"
cat.461.jpg,"[0]"
cat.462.jpg,"[0]"
cat.463.jpg,"[0]"
cat.464.jpg,"[0]"
cat.465.jpg,"[0]"
cat.466.jpg,"[0]"
cat.467.jpg,"[0]"
cat.468.jpg,"[0]"
cat.469.jpg,"[0]"
cat.47.jpg,"[0]"
cat.470.jpg,"[0]"
cat.471.jpg,"[0]"
cat.472.jpg,"[0]"
cat.473.jpg,"[0]"
cat.474.jpg,"[0]"
cat.475.jpg,"[0]"
cat.476.jpg,"[0]"
cat.477.jpg,"[0]"
cat.478.jpg,"[0]"
cat.479.jpg,"[0]"
cat.48.jpg,"[0]"
cat.480.jpg,"[0]"
cat.481.jpg,"[0]"
cat.482.jpg,"[0]"
cat.483.jpg,"[0]"
cat.484.jpg,"[0]"
cat.485.jpg,"[0]"
cat.486.jpg,"[0]"
cat.487.jpg,"[0]"
cat.488.jpg,"[0]"
cat.489.jpg,"[0]"
cat.49.jpg,"[0]"
cat.490.jpg,"[0]"
cat.491.jpg,"[0]"
cat.492.jpg,"[0]"
cat.493.jpg,"[0]"
cat.494.jpg,"[0]"
cat.495.jpg,"[0]"
cat.496.jpg,"[0]"
cat.497.jpg,"[0]"
cat.498.jpg,"[0]"
cat.499.jpg,"[0]"
cat.5.jpg,"[0]"
cat.50.jpg,"[0]"
cat.500.jpg,"[0]"
cat.51.jpg,"[0]"
cat.52.jpg,"[0]"
cat.53.jpg,"[0]"
cat.54.jpg,"[0]"
cat.55.jpg,"[0]"
cat.56.jpg,"[0]"
cat.57.jpg,"[0]"
cat.58.jpg,"[0]"
cat.59.jpg,"[0]"
cat.6.jpg,"[0]"
cat.60.jpg,"[0]"
cat.61.jpg,"[0]"
cat.62.jpg,"[0]"
cat.63.jpg,"[0]"
cat.64.jpg,"[0]"
cat.65.jpg,"[0]"
cat.66.jpg,"[0]"
cat.67.jpg,"[0]"
cat.68.jpg,"[0]"
cat.69.jpg,"[0]"
cat.7.jpg,"[0]"
cat.70.jpg,"[0]"
cat.71.jpg,"[0]"
cat.72.jpg,"[0]"
cat.73.jpg,"[0]"
cat.74.jpg,"[0]"
cat.75.jpg,"[0]"
cat.76.jpg,"[0]"
cat.77.jpg,"[0]"
cat.78.jpg,"[0]"
cat.79.jpg,"[0]"
cat.8.jpg,"[0]"
cat.80.jpg,"[0]"
cat.81.jpg,"[0]"
cat.82.jpg,"[0]"
cat.83.jpg,"[0]"
cat.84.jpg,"[0]"
cat.85.jpg,"[0]"
cat.86.jpg,"[0]"
cat.87.jpg,"[0]"
cat.88.jpg,"[0]"
cat.89.jpg,"[0]"
cat.9.jpg,"[0]"
cat.90.jpg,"[0]"
cat.91.jpg,"[0]"
cat.92.jpg,"[0]"
cat.93.jpg,"[0]"
cat.94.jpg,"[0]"
cat.95.jpg,"[0]"
cat.96.jpg,"[0]"
cat.97.jpg,"[0]"
cat.98.jpg,"[0]"
cat.99.jpg,"[0]"
dog.0.jpg,"[1]"
dog.1.jpg,"[1]"
dog.10.jpg,"[1]"
dog.100.jpg,"[1]"
dog.101.jpg,"[1]"
dog.102.jpg,"[1]"
dog.103.jpg,"[1]"
dog.104.jpg,"[1]"
dog.105.jpg,"[1]"
dog.106.jpg,"[1]"
dog.107.jpg,"[1]"
dog.108.jpg,"[1]"
dog.109.jpg,"[1]"
dog.11.jpg,"[1]"
dog.110.jpg,"[1]"
dog.111.jpg,"[1]"
dog.112.jpg,"[1]"
dog.113.jpg,"[1]"
dog.114.jpg,"[1]"
dog.115.jpg,"[1]"
dog.116.jpg,"[1]"
dog.117.jpg,"[1]"
dog.118.jpg,"[1]"
dog.119.jpg,"[1]"
dog.12.jpg,"[1]"
dog.120.jpg,"[1]"
dog.121.jpg,"[1]"
dog.122.jpg,"[1]"
dog.123.jpg,"[1]"
dog.124.jpg,"[1]"
dog.125.jpg,"[1]"
dog.126.jpg,"[1]"
dog.127.jpg,"[1]"
dog.128.jpg,"[1]"
dog.129.jpg,"[1]"
dog.13.jpg,"[1]"
dog.130.jpg,"[1]"
dog.131.jpg,"[1]"
dog.132.jpg,"[1]"
dog.133.jpg,"[1]"
dog.134.jpg,"[1]"
dog.135.jpg,"[1]"
dog.136.jpg,"[1]"
dog.137.jpg,"[1]"
dog.138.jpg,"[1]"
dog.139.jpg,"[1]"
dog.14.jpg,"[1]"
dog.140.jpg,"[1]"
dog.141.jpg,"[1]"
dog.142.jpg,"[1]"
dog.143.jpg,"[1]"
dog.144.jpg,"[1]"
dog.145.jpg,"[1]"
dog.146.jpg,"[1]"
dog.147.jpg,"[1]"
dog.148.jpg,"[1]"
dog.149.jpg,"[1]"
dog.15.jpg,"[1]"
dog.150.jpg,"[1]"
dog.151.jpg,"[1]"
dog.152.jpg,"[1]"
dog.153.jpg,"[1]"
dog.154.jpg,"[1]"
dog.155.jpg,"[1]"
dog.156.jpg,"[1]"
dog.157.jpg,"[1]"
dog.158.jpg,"[1]"
dog.159.jpg,"[1]"
dog.16.jpg,"[1]"
dog.160.jpg,"[1]"
dog.161.jpg,"[1]"
dog.162.jpg,"[1]"
dog.163.jpg,"[1]"
dog.164.jpg,"[1]"
dog.165.jpg,"[1]"
dog.166.jpg,"[1]"
dog.167.jpg,"[1]"
dog.168.jpg,"[1]"
dog.169.jpg,"[1]"
dog.17.jpg,"[1]"
dog.170.jpg,"[1]"
dog.171.jpg,"[1]"
dog.172.jpg,"[1]"
dog.173.jpg,"[1]"
dog.174.jpg,"[1]"
dog.175.jpg,"[1]"
dog.176.jpg,"[1]"
dog.177.jpg,"[1]"
dog.178.jpg,"[1]"
dog.179.jpg,"[1]"
dog.18.jpg,"[1]"
dog.180.jpg,"[1]"
dog.181.jpg,"[1]"
dog.182.jpg,"[1]"
dog.183.jpg,"[1]"
dog.184.jpg,"[1]"
dog.185.jpg,"[1]"
dog.186.jpg,"[1]"
dog.187.jpg,"[1]"
dog.188.jpg,"[1]"
dog.189.jpg,"[1]"
dog.19.jpg,"[1]"
dog.190.jpg,"[1]"
dog.191.jpg,"[1]"
dog.192.jpg,"[1]"
dog.193.jpg,"[1]"
dog.194.jpg,"[1]"
dog.195.jpg,"[1]"
dog.196.jpg,"[1]"
dog.197.jpg,"[1]"
dog.198.jpg,"[1]"
dog.199.jpg,"[1]"
dog.2.jpg,"[1]"
dog.20.jpg,"[1]"
dog.200.jpg,"[1]"
dog.201.jpg,"[1]"
dog.202.jpg,"[1]"
dog.203.jpg,"[1]"
dog.204.jpg,"[1]"
dog.205.jpg,"[1]"
dog.206.jpg,"[1]"
dog.207.jpg,"[1]"
dog.208.jpg,"[1]"
dog.209.jpg,"[1]"
dog.21.jpg,"[1]"
dog.210.jpg,"[1]"
dog.211.jpg,"[1]"
dog.212.jpg,"[1]"
dog.213.jpg,"[1]"
dog.214.jpg,"[1]"
dog.215.jpg,"[1]"
dog.216.jpg,"[1]"
dog.217.jpg,"[1]"
dog.218.jpg,"[1]"
dog.219.jpg,"[1]"
dog.22.jpg,"[1]"
dog.220.jpg,"[1]"
dog.221.jpg,"[1]"
dog.222.jpg,"[1]"
dog.223.jpg,"[1]"
dog.224.jpg,"[1]"
dog.225.jpg,"[1]"
dog.226.jpg,"[1]"
dog.227.jpg,"[1]"
dog.228.jpg,"[1]"
dog.229.jpg,"[1]"
dog.23.jpg,"[1]"
dog.230.jpg,"[1]"
dog.231.jpg,"[1]"
dog.232.jpg,"[1]"
dog.233.jpg,"[1]"
dog.234.jpg,"[1]"
dog.235.jpg,"[1]"
dog.236.jpg,"[1]"
dog.237.jpg,"[1]"
dog.238.jpg,"[1]"
dog.239.jpg,"[1]"
dog.24.jpg,"[1]"
dog.240.jpg,"[1]"
dog.241.jpg,"[1]"
dog.242.jpg,"[1]"
dog.243.jpg,"[1]"
dog.244.jpg,"[1]"
dog.245.jpg,"[1]"
dog.246.jpg,"[1]"
dog.247.jpg,"[1]"
dog.248.jpg,"[1]"
dog.249.jpg,"[1]"
dog.25.jpg,"[1]"
dog.250.jpg,"[1]"
dog.251.jpg,"[1]"
dog.252.jpg,"[1]"
dog.253.jpg,"[1]"
dog.254.jpg,"[1]"
dog.255.jpg,"[1]"
dog.256.jpg,"[1]"
dog.257.jpg,"[1]"
dog.258.jpg,"[1]"
dog.259.jpg,"[1]"
dog.26.jpg,"[1]"
dog.260.jpg,"[1]"
dog.261.jpg,"[1]"
dog.262.jpg,"[1]"
dog.263.jpg,"[1]"
dog.264.jpg,"[1]"
dog.265.jpg,"[1]"
dog.266.jpg,"[1]"
dog.267.jpg,"[1]"
dog.268.jpg,"[1]"
dog.269.jpg,"[1]"
dog.27.jpg,"[1]"
dog.270.jpg,"[1]"
dog.271.jpg,"[1]"
dog.272.jpg,"[1]"
dog.273.jpg,"[1]"
dog.274.jpg,"[1]"
dog.275.jpg,"[1]"
dog.276.jpg,"[1]"
dog.277.jpg,"[1]"
dog.278.jpg,"[1]"
dog.279.jpg,"[1]"
dog.28.jpg,"[1]"
dog.280.jpg,"[1]"
dog.281.jpg,"[1]"
dog.282.jpg,"[1]"
dog.283.jpg,"[1]"
dog.284.jpg,"[1]"
dog.285.jpg,"[1]"
dog.286.jpg,"[1]"
dog.287.jpg,"[1]"
dog.288.jpg,"[1]"
dog.289.jpg,"[1]"
dog.29.jpg,"[1]"
dog.290.jpg,"[1]"
dog.291.jpg,"[1]"
dog.292.jpg,"[1]"
dog.293.jpg,"[1]"
dog.294.jpg,"[1]"
dog.295.jpg,"[1]"
dog.296.jpg,"[1]"
dog.297.jpg,"[1]"
dog.298.jpg,"[1]"
dog.299.jpg,"[1]"
dog.3.jpg,"[1]"
dog.30.jpg,"[1]"
dog.300.jpg,"[1]"
dog.301.jpg,"[1]"
dog.302.jpg,"[1]"
dog.303.jpg,"[1]"
dog.304.jpg,"[1]"
dog.305.jpg,"[1]"
dog.306.jpg,"[1]"
dog.307.jpg,"[1]"
dog.308.jpg,"[1]"
dog.309.jpg,"[1]"
dog.31.jpg,"[1]"
dog.310.jpg,"[1]"
dog.311.jpg,"[1]"
dog.312.jpg,"[1]"
dog.313.jpg,"[1]"
dog.314.jpg,"[1]"
dog.315.jpg,"[1]"
dog.316.jpg,"[1]"
dog.317.jpg,"[1]"
dog.318.jpg,"[1]"
dog.319.jpg,"[1]"
dog.32.jpg,"[1]"
dog.320.jpg,"[1]"
dog.321.jpg,"[1]"
dog.322.jpg,"[1]"
dog.323.jpg,"[1]"
dog.324.jpg,"[1]"
dog.325.jpg,"[1]"
dog.326.jpg,"[1]"
dog.327.jpg,"[1]"
dog.328.jpg,"[1]"
dog.329.jpg,"[1]"
dog.33.jpg,"[1]"
dog.330.jpg,"[1]"
dog.331.jpg,"[1]"
dog.332.jpg,"[1]"
dog.333.jpg,"[1]"
dog.334.jpg,"[1]"
dog.335.jpg,"[1]"
dog.336.jpg,"[1]"
dog.337.jpg,"[1]"
dog.338.jpg,"[1]"
dog.339.jpg,"[1]"
dog.34.jpg,"[1]"
dog.340.jpg,"[1]"
dog.341.jpg,"[1]"
dog.342.jpg,"[1]"
dog.343.jpg,"[1]"
dog.344.jpg,"[1]"
dog.345.jpg,"[1]"
dog.346.jpg,"[1]"
dog.347.jpg,"[1]"
dog.348.jpg,"[1]"
dog.349.jpg,"[1]"
dog.35.jpg,"[1]"
dog.350.jpg,"[1]"
dog.351.jpg,"[1]"
dog.352.jpg,"[1]"
dog.353.jpg,"[1]"
dog.354.jpg,"[1]"
dog.355.jpg,"[1]"
dog.356.jpg,"[1]"
dog.357.jpg,"[1]"
dog.358.jpg,"[1]"
dog.359.jpg,"[1]"
dog.36.jpg,"[1]"
dog.360.jpg,"[1]"
dog.361.jpg,"[1]"
dog.362.jpg,"[1]"
dog.363.jpg,"[1]"
dog.364.jpg,"[1]"
dog.365.jpg,"[1]"
dog.366.jpg,"[1]"
dog.367.jpg,"[1]"
dog.368.jpg,"[1]"
dog.369.jpg,"[1]"
dog.37.jpg,"[1]"
dog.370.jpg,"[1]"
dog.371.jpg,"[1]"
dog.372.jpg,"[1]"
dog.373.jpg,"[1]"
dog.374.jpg,"[1]"
dog.375.jpg,"[1]"
dog.376.jpg,"[1]"
dog.377.jpg,"[1]"
dog.378.jpg,"[1]"
dog.379.jpg,"[1]"
dog.38.jpg,"[1]"
dog.380.jpg,"[1]"
dog.381.jpg,"[1]"
dog.382.jpg,"[1]"
dog.383.jpg,"[1]"
dog.384.jpg,"[1]"
dog.385.jpg,"[1]"
dog.386.jpg,"[1]"
dog.387.jpg,"[1]"
dog.388.jpg,"[1]"
dog.389.jpg,"[1]"
dog.39.jpg,"[1]"
dog.390.jpg,"[1]"
dog.391.jpg,"[1]"
dog.392.jpg,"[1]"
dog.393.jpg,"[1]"
dog.394.jpg,"[1]"
dog.395.jpg,"[1]"
dog.396.jpg,"[1]"
dog.397.jpg,"[1]"
dog.398.jpg,"[1]"
dog.399.jpg,"[1]"
dog.4.jpg,"[1]"
dog.40.jpg,"[1]"
dog.400.jpg,"[1]"
dog.401.jpg,"[1]"
dog.402.jpg,"[1]"
dog.403.jpg,"[1]"
dog.404.jpg,"[1]"
dog.405.jpg,"[1]"
dog.406.jpg,"[1]"
dog.407.jpg,"[1]"
dog.408.jpg,"[1]"
dog.409.jpg,"[1]"
dog.41.jpg,"[1]"
dog.410.jpg,"[1]"
dog.411.jpg,"[1]"
dog.412.jpg,"[1]"
dog.413.jpg,"[1]"
dog.414.jpg,"[1]"
dog.415.jpg,"[1]"
dog.416.jpg,"[1]"
dog.417.jpg,"[1]"
dog.418.jpg,"[1]"
dog.419.jpg,"[1]"
dog.42.jpg,"[1]"
dog.420.jpg,"[1]"
dog.421.jpg,"[1]"
dog.422.jpg,"[1]"
dog.423.jpg,"[1]"
dog.424.jpg,"[1]"
dog.425.jpg,"[1]"
dog.426.jpg,"[1]"
dog.427.jpg,"[1]"
dog.428.jpg,"[1]"
dog.429.jpg,"[1]"
dog.43.jpg,"[1]"
dog.430.jpg,"[1]"
dog.431.jpg,"[1]"
dog.432.jpg,"[1]"
dog.433.jpg,"[1]"
dog.434.jpg,"[1]"
dog.435.jpg,"[1]"
dog.436.jpg,"[1]"
dog.437.jpg,"[1]"
dog.438.jpg,"[1]"
dog.439.jpg,"[1]"
dog.44.jpg,"[1]"
dog.440.jpg,"[1]"
dog.441.jpg,"[1]"
dog.442.jpg,"[1]"
dog.443.jpg,"[1]"
dog.444.jpg,"[1]"
dog.445.jpg,"[1]"
dog.446.jpg,"[1]"
dog.447.jpg,"[1]"
dog.448.jpg,"[1]"
dog.449.jpg,"[1]"
dog.45.jpg,"[1]"
dog.450.jpg,"[1]"
dog.451.jpg,"[1]"
dog.452.jpg,"[1]"
dog.453.jpg,"[1]"
dog.454.jpg,"[1]"
dog.455.jpg,"[1]"
dog.456.jpg,"[1]"
dog.457.jpg,"[1]"
dog.458.jpg,"[1]"
dog.459.jpg,"[1]"
dog.46.jpg,"[1]"
dog.460.jpg,"[1]"
dog.461.jpg,"[1]"
dog.462.jpg,"[1]"
dog.463.jpg,"[1]"
dog.464.jpg,"[1]"
dog.465.jpg,"[1]"
dog.466.jpg,"[1]"
dog.467.jpg,"[1]"
dog.468.jpg,"[1]"
dog.469.jpg,"[1]"
dog.47.jpg,"[1]"
dog.470.jpg,"[1]"
dog.471.jpg,"[1]"
dog.472.jpg,"[1]"
dog.473.jpg,"[1]"
dog.474.jpg,"[1]"
dog.475.jpg,"[1]"
dog.476.jpg,"[1]"
dog.477.jpg,"[1]"
dog.478.jpg,"[1]"
dog.479.jpg,"[1]"
dog.48.jpg,"[1]"
dog.480.jpg,"[1]"
dog.481.jpg,"[1]"
dog.482.jpg,"[1]"
dog.483.jpg,"[1]"
dog.484.jpg,"[1]"
dog.485.jpg,"[1]"
dog.486.jpg,"[1]"
dog.487.jpg,"[1]"
dog.488.jpg,"[1]"
dog.489.jpg,"[1]"
dog.49.jpg,"[1]"
dog.490.jpg,"[1]"
dog.491.jpg,"[1]"
dog.492.jpg,"[1]"
dog.493.jpg,"[1]"
dog.494.jpg,"[1]"
dog.495.jpg,"[1]"
dog.496.jpg,"[1]"
dog.497.jpg,"[1]"
dog.498.jpg,"[1]"
dog.499.jpg,"[1]"
dog.5.jpg,"[1]"
dog.50.jpg,"[1]"
dog.500.jpg,"[1]"
dog.51.jpg,"[1]"
dog.52.jpg,"[1]"
dog.53.jpg,"[1]"
dog.54.jpg,"[1]"
dog.55.jpg,"[1]"
dog.56.jpg,"[1]"
dog.57.jpg,"[1]"
dog.58.jpg,"[1]"
dog.59.jpg,"[1]"
dog.6.jpg,"[1]"
dog.60.jpg,"[1]"
dog.61.jpg,"[1]"
dog.62.jpg,"[1]"
dog.63.jpg,"[1]"
dog.64.jpg,"[1]"
dog.65.jpg,"[1]"
dog.66.jpg,"[1]"
dog.67.jpg,"[1]"
dog.68.jpg,"[1]"
dog.69.jpg,"[1]"
dog.7.jpg,"[1]"
dog.70.jpg,"[1]"
dog.71.jpg,"[1]"
dog.72.jpg,"[1]"
dog.73.jpg,"[1]"
dog.74.jpg,"[1]"
dog.75.jpg,"[1]"
dog.76.jpg,"[1]"
dog.77.jpg,"[1]"
dog.78.jpg,"[1]"
dog.79.jpg,"[1]"
dog.8.jpg,"[1]"
dog.80.jpg,"[1]"
dog.81.jpg,"[1]"
dog.82.jpg,"[1]"
dog.83.jpg,"[1]"
dog.84.jpg,"[1]"
dog.85.jpg,"[1]"
dog.86.jpg,"[1]"
dog.87.jpg,"[1]"
dog.88.jpg,"[1]"
dog.89.jpg,"[1]"
dog.9.jpg,"[1]"
dog.90.jpg,"[1]"
dog.91.jpg,"[1]"
dog.92.jpg,"[1]"
dog.93.jpg,"[1]"
dog.94.jpg,"[1]"
dog.95.jpg,"[1]"
dog.96.jpg,"[1]"
dog.97.jpg,"[1]"
dog.98.jpg,"[1]"
dog.99.jpg,"[1]"